{
    "rouge1": [
        0.923076923076923,
        0.5,
        0.6,
        0.030226700251889164
    ],
    "rouge2": [
        0.7272727272727272,
        0.20000000000000004,
        0.25,
        0.010126582278481013
    ]
}