{
    "rouge2": [
        0.7272727272727272,
        0.20000000000000004,
        0.25,
        0.12121212121212122
    ],
    "rouge1": [
        0.923076923076923,
        0.5,
        0.6,
        0.29411764705882354
    ],
    "rougeL": [
        0.923076923076923,
        0.5,
        0.6,
        0.20588235294117646
    ]
}