{
    "bleu": [
        34.54825340500565,
        12.949308848831858,
        28.260078853675438
    ],
    "rouge1": [
        0.5714285714285714,
        0.2985074626865672,
        0.5871559633027522
    ],
    "rouge2": [
        0.24242424242424246,
        0.12307692307692308,
        0.3551401869158879
    ],
    "gpt-4": [
        "這個預測的版本更具有教授的語氣，更正式且較具有邏輯性。它將原本的問題分解為三個可能的解釋，並邀請他人分享他們的見解，這種方式更具有學術性。評分：90分。",
        "預測的內容與原文相符，且以記者的語氣進行了改寫。整體來說，這段文字的語氣更為正式，並且將原文的意思進行了詳細的解釋，使得讀者更容易理解。然而，最後一句的問題提問方式有些生硬，可以改進。分數：90。",
        "預測的重寫內容相當不錯，保留了原文的意思，並且以口語化的方式表達，讓人感覺像是在跟讀者對話。不過，\"小妹發現\"的口語化翻譯成\"我發現\"稍嫌生硬，可能可以改成\"我注意到\"。整體來說，表達清晰，語氣口語化，符合包裝員的語調。分數給90分。"
    ]
}