{
    "bleu": [
        1.013409704255448,
        5.216448093127911,
        0.0070790277830682525
    ],
    "rouge1": [
        0.24040920716112532,
        0.2525252525252525,
        0.1627906976744186
    ],
    "rouge2": [
        0.09768637532133675,
        0.07142857142857142,
        0.0935672514619883
    ],
    "gpt-4": [
        "預測摘要基本上概述了參考文中的主要事件，包括酒駕男子撞車事件、調解過程中的問題，以及網友的反應。然而，它沒有提到媽媽的感受，以及她對台灣酒駕刑責不夠高的批評，這是原文的重要部分。此外，預測摘要也沒有提到里長的回應。總的來說，這個摘要的質量還可以，但有一些重要的細節被遺漏了。分數：70/100。",
        "預測的摘要大致上有涵蓋原文的重點，包括藍男的車禍狀況、送醫不治的結果，以及他的身分和車內的安非他命吸食器。然而，預測並未提及藍男的酒駕嫌疑和他的逃避行為，這些都是原文中的重要資訊。因此，我會給予這個預測70分。",
        "預測的摘要對於原文的主要信息有很好的捕捉，包括北捷五條捷運路線中有兩條獲利但盈餘下降，以及其他三條路線虧損的情況。但是，它沒有提到北捷對於虧損的原因（疫情影響）以及對於未來改善虧損的計劃（撙節成本，提升運量等）。整體來說，這個摘要的質量還算不錯，但可以更完整一些。分數：80/100。"
    ]
}